surface,predictors,auc,pseudo_r2,n
linear,R_D alone,0.8035145299145299,0.21935833437936592,1200
linear,R_Y alone,0.5877925925925926,0.007453866431158862,1200
linear,R_D + R_Y,0.8261470085470086,0.22792103530818741,1200
nonlinear,R_D alone,0.7339032306763286,0.10365338884175213,1200
nonlinear,R_Y alone,0.6084408967391304,0.012567372620073236,1200
nonlinear,R_D + R_Y,0.7668232940821256,0.11764623965375365,1200
